id,first_name,last_name,email,password
12345678,Nic,Kouwen,nk@email.com,ilovecosc
23456789,Jane,Doe,janedoe@email.com,password123
34567890,John,Smith,johnsmith@email.com,securepass456
45678901,Alice,Johnson,alicejohnson@email.com,mypassword789
56789012,Bob,Brown,bobbrown@email.com,qwerty987
28102810,Alexander,Grischuk,alexander.grischuk@email.com,password123
22211111,Bob,Liu,bob.liu@email.com,password123
00000013,Tony,Stark,tony.stark@email.com,password123
00000002,Nathan,Jacinto,nathan.jacinto1@email.com,password123
00000004,Scott,Fazackerly,scott.fazackerly@email.com,password123
18897231,Arthur,Duncan,arthur.duncan@email.com,password123
22111111,Paul,Smith,paul.smith@email.com,password123
00000012,Suyash,Shingare,suyash.shingare@email.com,password123
00000011,Chinny,Wong,chinny.wong@email.com,password123
00000010,Nic,Kouwenhov,nic.kouwenhov@email.com,password123
00000009,Fran,Perellak,fran.perellak@email.com,password123
00000005,Kevin,Wang,kevin.wang@email.com,password123
00000022,Nathan,Jacinto,nathan.jacinto2@email.com,password123
00000008,Jay,Bhullar,jay.bhullar@email.com,password123
00000007,Jack,Mathisen,jack.mathisen@email.com,password123
00000006,Mqhamad,Khejezade,mqhamad.khejezade@email.com,password123